{
 "segmentation": 32, 
 "letters": {
  "e5de21f0": [
   [
    1.850371707708594e-17, 
    0.9869720850187577, 
    -0.15753328741269845, 
    0.04621920461209883
   ], 
   [
    -0.1138014470024032, 
    0.9481475156384024, 
    -0.2945716025482721, 
    0.042425092482899864
   ], 
   [
    -0.1576214088440733, 
    0.8936780541418812, 
    -0.4137274269008125, 
    0.08824628152675787
   ], 
   [
    -0.06527819223742722, 
    0.8936221865789958, 
    -0.4103310706110846, 
    0.22103108596308274
   ], 
   [
    0.0652310966755934, 
    0.8367099463017236, 
    -0.49750379701316483, 
    0.2714218655204203
   ], 
   [
    0.1664542633038073, 
    0.7342483300007251, 
    -0.6186771368017684, 
    0.2747142185004977
   ], 
   [
    0.26419060498875896, 
    0.6085395629639262, 
    -0.7182322279581803, 
    0.25635975449650994
   ], 
   [
    0.35702640217710063, 
    0.4637839519736597, 
    -0.789707998680648, 
    0.22713548052443744
   ], 
   [
    0.43506704713281813, 
    0.30057789772135907, 
    -0.8333797123664165, 
    0.19807086552439915
   ], 
   [
    0.5029851146984489, 
    0.12750551108806693, 
    -0.8433183879826446, 
    0.17273671345752062
   ], 
   [
    0.5616449807583855, 
    -0.04795893916925895, 
    -0.8169231956625699, 
    0.1529319974451305
   ], 
   [
    0.6135179084684663, 
    -0.21469476576727278, 
    -0.7521898208378301, 
    0.13548534778159496
   ], 
   [
    0.6614717907362766, 
    -0.3610510375497515, 
    -0.6493798140072012, 
    0.1255397988092858
   ], 
   [
    0.7084400123741315, 
    -0.4756196431612134, 
    -0.5119038196510074, 
    0.1276545736072928
   ], 
   [
    0.757004442439685, 
    -0.5436136516645195, 
    -0.34707574737015046, 
    0.13875776853579413
   ], 
   [
    0.807567509610764, 
    -0.5536175449387907, 
    -0.16866668636191742, 
    0.15149189569009827
   ], 
   [
    0.8525863319542379, 
    -0.5088707101445539, 
    0.007215556542177944, 
    0.1606991379448736
   ], 
   [
    0.8865207303979625, 
    -0.41470505674015196, 
    0.16574430252935304, 
    0.16602702111180848
   ], 
   [
    0.8990957706758874, 
    -0.2889608123926255, 
    0.30495056005274895, 
    0.17012862752050106
   ], 
   [
    0.8870337152858738, 
    -0.1413536458066671, 
    0.42147675591277417, 
    0.17052441790790804
   ], 
   [
    0.8501468614494053, 
    0.02031904548219628, 
    0.5115342399883036, 
    0.1676226214379566
   ], 
   [
    0.7867710386718466, 
    0.18595034282866038, 
    0.5757624210266036, 
    0.16232642308176243
   ], 
   [
    0.699944845599552, 
    0.3497622795439663, 
    0.6106619846125639, 
    0.1568250097502608
   ], 
   [
    0.5912806368521095, 
    0.5034229259926303, 
    0.6192035839644426, 
    0.15150915673537244
   ], 
   [
    0.46266909717356525, 
    0.6398368400928933, 
    0.602593383634903, 
    0.14773251150483968
   ], 
   [
    0.3184830271719237, 
    0.7541729695665721, 
    0.5616679863311609, 
    0.1457959500630344
   ], 
   [
    0.16654070474786842, 
    0.8440547958457723, 
    0.4953956929216194, 
    0.1457499303153753
   ], 
   [
    0.012869095875679035, 
    0.9062159880543232, 
    0.4050377898935779, 
    0.1470064452943956
   ], 
   [
    -0.13714060164039013, 
    0.9381323965491414, 
    0.2943927406868232, 
    0.14675449597119006
   ], 
   [
    -0.2787285748211786, 
    0.9381870388341502, 
    0.1688716363451267, 
    0.1451423481761281
   ], 
   [
    -0.4172153014354885, 
    0.8990247264144297, 
    0.04961335025089624, 
    0.15515200425269185
   ], 
   [
    -0.5569563073203746, 
    0.8172184184858754, 
    0.06359928479383371, 
    0.17523069058242147
   ]
  ], 
  "0f078bfa": [
   [
    -2.0816681711721685e-17, 
    0.9828035653367975, 
    -0.16316138912933892, 
    0.14764805591243824
   ], 
   [
    0.0478961343588758, 
    0.9947451668782674, 
    0.01759942620308573, 
    0.14219404080994646
   ], 
   [
    0.08895394160020802, 
    0.9688542557427953, 
    0.20878621535509834, 
    0.15612682626509883
   ], 
   [
    0.15501257041360572, 
    0.9039882196354129, 
    0.38398630137957296, 
    0.15844430398262369
   ], 
   [
    0.22310435779910776, 
    0.8032202829973689, 
    0.5403497379803665, 
    0.157631605560454
   ], 
   [
    0.2875631960588325, 
    0.6721693976830492, 
    0.6741813929114393, 
    0.15494101785939876
   ], 
   [
    0.350973721111259, 
    0.5133086504474396, 
    0.7739444965950677, 
    0.14683967878972123
   ], 
   [
    0.4084264187461164, 
    0.3355496079826918, 
    0.8389714241033327, 
    0.14009560274161953
   ], 
   [
    0.4584982188361618, 
    0.14626087143126953, 
    0.8636081483040838, 
    0.14525776226997617
   ], 
   [
    0.5022173008839745, 
    -0.04605711444199847, 
    0.8490724614452823, 
    0.16183557715566563
   ], 
   [
    0.5360718381468, 
    -0.23377226227958153, 
    0.798140649550809, 
    0.176777986652749
   ], 
   [
    0.5657599707018353, 
    -0.4019219937537581, 
    0.7006897648408554, 
    0.2193332752010987
   ], 
   [
    0.5819271195860628, 
    -0.5494125771201692, 
    0.572039759748632, 
    0.2665204338335349
   ], 
   [
    0.5950726290200459, 
    -0.6611561704029658, 
    0.41159247127355164, 
    0.3109370835302288
   ], 
   [
    0.599118645455172, 
    -0.7382299640199218, 
    0.22956502835775594, 
    0.3386128986624779
   ], 
   [
    0.5869336891645326, 
    -0.7779181805171181, 
    0.03575411729976919, 
    0.3584877987372395
   ], 
   [
    0.5602122288783413, 
    -0.7804661508517459, 
    -0.16088467121066374, 
    0.3607612747582082
   ], 
   [
    0.5170953283693085, 
    -0.7467596108193875, 
    -0.3510620865572073, 
    0.3648445968391395
   ], 
   [
    0.4686446206624752, 
    -0.673515374967516, 
    -0.5283710506573231, 
    0.35473135960799984
   ], 
   [
    0.415598129990203, 
    -0.5642780494175101, 
    -0.6839960744609357, 
    0.32846126498674405
   ], 
   [
    0.35813418315796264, 
    -0.4266154695102845, 
    -0.8101674898679855, 
    0.27510536975019156
   ], 
   [
    0.28797775112056545, 
    -0.27276094872464274, 
    -0.9051241682910993, 
    0.2119127556101151
   ], 
   [
    0.20135293451076366, 
    -0.11041979340564531, 
    -0.9655943411195997, 
    0.1501144492474774
   ], 
   [
    0.1019525116281001, 
    0.0541087619313613, 
    -0.987612364117294, 
    0.1017761709924761
   ], 
   [
    -0.011219940424403564, 
    0.2105302699654279, 
    -0.9722056511767092, 
    0.11304328068534096
   ], 
   [
    -0.12917712959518712, 
    0.35697061363022925, 
    -0.9188265696035919, 
    0.1318264035552042
   ], 
   [
    -0.2463081063086852, 
    0.4875624002021478, 
    -0.8300506810510193, 
    0.1490305637108917
   ], 
   [
    -0.3482653527234236, 
    0.6051216409121324, 
    -0.7079678760334481, 
    0.14820170306496017
   ], 
   [
    -0.40554133644880613, 
    0.7180309883600734, 
    -0.5567070266669828, 
    0.15167599809749246
   ], 
   [
    -0.4265718441249514, 
    0.8117056989790007, 
    -0.3857804485616631, 
    0.16730871443400674
   ], 
   [
    -0.4151643303240156, 
    0.8789048301911362, 
    -0.20081480148292244, 
    0.2058068693290195
   ], 
   [
    -0.3313857272069365, 
    0.9333267840320961, 
    -0.03919756885065228, 
    0.22338966810237035
   ]
  ],